id,title,kind,category,creator,source_page,license,license_url,native_dimensions,master_dimensions,master_path,web_960_path,web_1920_path,suggested_pages,placement_notes
hCb3lIB8L8E,Ideas around the table,photograph,collaboration,Annie Spratt,https://unsplash.com/photos/hCb3lIB8L8E,Unsplash License,https://unsplash.com/license,7678x5038,4000x2625,assets/stock/masters/collaboration/ideas-around-the-table--hCb3lIB8L8E.jpg,assets/stock/web/collaboration/ideas-around-the-table--hCb3lIB8L8E-960.webp,assets/stock/web/collaboration/ideas-around-the-table--hCb3lIB8L8E-1920.webp,Organisations; About,A complementary angle to QckxruozjRg. Choose one lead image per page.
s2DbUV-yx2A,Learning side by side,photograph,collaboration,Mimi Thian,https://unsplash.com/photos/two-women-facing-silver-macbook-sitting-on-parquet-floor-s2DbUV-yx2A,Unsplash License,https://unsplash.com/license,5184x3888,4000x3000,assets/stock/masters/collaboration/learning-side-by-side--s2DbUV-yx2A.jpg,assets/stock/web/collaboration/learning-side-by-side--s2DbUV-yx2A-960.webp,assets/stock/web/collaboration/learning-side-by-side--s2DbUV-yx2A-1920.webp,Lessons; About,Generous pale space suits an editorial composition. Keep both people.
PSksbOVDhWk,Sharing a plan,photograph,collaboration,Vitaly Gariev,https://unsplash.com/photos/diverse-team-collaborating-on-a-project-in-an-office-PSksbOVDhWk,Unsplash License,https://unsplash.com/license,3840x2160,3840x2160,assets/stock/masters/collaboration/sharing-a-plan--PSksbOVDhWk.jpg,assets/stock/web/collaboration/sharing-a-plan--PSksbOVDhWk-960.webp,assets/stock/web/collaboration/sharing-a-plan--PSksbOVDhWk-1920.webp,Organisations; About,Allow space for the papers and gestures. Avoid overlaying text on faces.
QckxruozjRg,Team around a shared table,photograph,collaboration,Annie Spratt,https://unsplash.com/photos/QckxruozjRg,Unsplash License,https://unsplash.com/license,7952x5304,4000x2668,assets/stock/masters/collaboration/team-around-a-shared-table--QckxruozjRg.jpg,assets/stock/web/collaboration/team-around-a-shared-table--QckxruozjRg-960.webp,assets/stock/web/collaboration/team-around-a-shared-table--QckxruozjRg-1920.webp,Organisations; About,Keep the full group visible. Place headings beside the photograph.
YDWdxElP3XI,Working through an idea,photograph,collaboration,Vitaly Gariev,https://unsplash.com/photos/two-colleagues-collaborating-on-a-laptop-in-office-YDWdxElP3XI,Unsplash License,https://unsplash.com/license,3840x2160,3840x2160,assets/stock/masters/collaboration/working-through-an-idea--YDWdxElP3XI.jpg,assets/stock/web/collaboration/working-through-an-idea--YDWdxElP3XI-960.webp,assets/stock/web/collaboration/working-through-an-idea--YDWdxElP3XI-1920.webp,Organisations,Keep the shared screen and all three people in the crop.
LVooQvKjLjw,A thoughtful exchange,photograph,collaboration,Mimi Thian,https://unsplash.com/photos/woman-sitting-in-front-of-laptop-LVooQvKjLjw,Unsplash License,https://unsplash.com/license,5184x3888,4000x3000,assets/stock/masters/collaboration/a-thoughtful-exchange--LVooQvKjLjw.jpg,assets/stock/web/collaboration/a-thoughtful-exchange--LVooQvKjLjw-960.webp,assets/stock/web/collaboration/a-thoughtful-exchange--LVooQvKjLjw-1920.webp,Organisations,Keep the exchange between faces visible. A laptop sticker is present.
rMILC1PIwM0,A shared discovery,photograph,collaboration,Cherrydeck,https://unsplash.com/photos/rMILC1PIwM0,Unsplash License,https://unsplash.com/license,4880x3160,4000x2590,assets/stock/masters/collaboration/a-shared-discovery--rMILC1PIwM0.jpg,assets/stock/web/collaboration/a-shared-discovery--rMILC1PIwM0-960.webp,assets/stock/web/collaboration/a-shared-discovery--rMILC1PIwM0-1920.webp,Organisations,Visible workplace branding makes this a secondary editorial choice.
t1bz9XpJ2-Y,Working through a question,photograph,collaboration,Mimi Thian,https://unsplash.com/photos/woman-using-computer-t1bz9XpJ2-Y,Unsplash License,https://unsplash.com/license,5184x3888,4000x3000,assets/stock/masters/collaboration/working-through-a-question--t1bz9XpJ2-Y.jpg,assets/stock/web/collaboration/working-through-a-question--t1bz9XpJ2-Y-960.webp,assets/stock/web/collaboration/working-through-a-question--t1bz9XpJ2-Y-1920.webp,Organisations,Visible clothing branding makes this a secondary choice.
g86airJZ4Gs,Coffee and conversation,photograph,conversation,Priscilla Du Preez,https://unsplash.com/photos/g86airJZ4Gs,Unsplash License,https://unsplash.com/license,5472x3648,4000x2667,assets/stock/masters/conversation/coffee-and-conversation--g86airJZ4Gs.jpg,assets/stock/web/conversation/coffee-and-conversation--g86airJZ4Gs-960.webp,assets/stock/web/conversation/coffee-and-conversation--g86airJZ4Gs-1920.webp,Solidarity Cafe,Use beside discussion copy. The Cafe itself meets online.
K8XYGbw4Ahg,Space for a conversation,photograph,conversation,Priscilla Du Preez,https://unsplash.com/photos/K8XYGbw4Ahg,Unsplash License,https://unsplash.com/license,5345x3563,4000x2666,assets/stock/masters/conversation/space-for-a-conversation--K8XYGbw4Ahg.jpg,assets/stock/web/conversation/space-for-a-conversation--K8XYGbw4Ahg-960.webp,assets/stock/web/conversation/space-for-a-conversation--K8XYGbw4Ahg-1920.webp,Solidarity Cafe,An intimate detail with broad cropping flexibility.
gRmyW5p_4lQ,Time to connect,photograph,conversation,Vitaly Gariev,https://unsplash.com/photos/two-women-talking-at-a-cafe-table-gRmyW5p_4lQ,Unsplash License,https://unsplash.com/license,3840x2160,3840x2160,assets/stock/masters/conversation/time-to-connect--gRmyW5p_4lQ.jpg,assets/stock/web/conversation/time-to-connect--gRmyW5p_4lQ-960.webp,assets/stock/web/conversation/time-to-connect--gRmyW5p_4lQ-1920.webp,Solidarity Cafe,Useful for an editorial conversation panel. The Cafe itself meets online.
tQSDhftdKOc,A relaxed exchange,photograph,conversation,Vitaly Gariev,https://unsplash.com/photos/two-women-talking-at-a-cafe-with-coffee-tQSDhftdKOc,Unsplash License,https://unsplash.com/license,3840x2160,3840x2160,assets/stock/masters/conversation/a-relaxed-exchange--tQSDhftdKOc.jpg,assets/stock/web/conversation/a-relaxed-exchange--tQSDhftdKOc-960.webp,assets/stock/web/conversation/a-relaxed-exchange--tQSDhftdKOc-1920.webp,Solidarity Cafe,An alternate frame from the same session as gRmyW5p_4lQ; choose one per page.
snX7WwHs_1s,An informal meeting,photograph,conversation,Vitaly Gariev,https://unsplash.com/photos/two-men-in-suits-talking-at-a-cafe-snX7WwHs_1s,Unsplash License,https://unsplash.com/license,3800x2138,3800x2138,assets/stock/masters/conversation/an-informal-meeting--snX7WwHs_1s.jpg,assets/stock/web/conversation/an-informal-meeting--snX7WwHs_1s-960.webp,assets/stock/web/conversation/an-informal-meeting--snX7WwHs_1s-1920.webp,Organisations; Solidarity Cafe,A professional-conversation option. Retain both speakers.
tSyU-mWc010,Listening together,photograph,conversation,Brooke Cagle,https://unsplash.com/photos/tSyU-mWc010,Unsplash License,https://unsplash.com/license,6580x4387,4000x2667,assets/stock/masters/conversation/listening-together--tSyU-mWc010.jpg,assets/stock/web/conversation/listening-together--tSyU-mWc010-960.webp,assets/stock/web/conversation/listening-together--tSyU-mWc010-1920.webp,Solidarity Cafe,A wide scene with warm tones. Preserve both faces.
PCCpwQWoCL4,Sharing something new,photograph,conversation,Brooke Cagle,https://unsplash.com/photos/two-women-sitting-at-a-table-looking-at-a-cell-phone-PCCpwQWoCL4,Unsplash License,https://unsplash.com/license,6571x4381,4000x2667,assets/stock/masters/conversation/sharing-something-new--PCCpwQWoCL4.jpg,assets/stock/web/conversation/sharing-something-new--PCCpwQWoCL4-960.webp,assets/stock/web/conversation/sharing-something-new--PCCpwQWoCL4-1920.webp,Solidarity Cafe,An alternate action from the same cafe series as tSyU-mWc010.
BVr3XaBiWLU,Looking at a shared screen,photograph,creative-work,Desola Lanre-Ologun (profile currently displayed as X),https://unsplash.com/photos/woman-using-laptop-computer-beside-person-wearing-hat-BVr3XaBiWLU,Unsplash License,https://unsplash.com/license,6720x4480,4000x2667,assets/stock/masters/creative-work/looking-at-a-shared-screen--BVr3XaBiWLU.jpg,assets/stock/web/creative-work/looking-at-a-shared-screen--BVr3XaBiWLU-960.webp,assets/stock/web/creative-work/looking-at-a-shared-screen--BVr3XaBiWLU-1920.webp,Organisations,The screen shows code. Reserve for an explicitly technology-related context.
kwzWjTnDPLk,Working side by side,photograph,creative-work,Desola Lanre-Ologun (profile currently displayed as X),https://unsplash.com/photos/man-using-black-laptop-computer-kwzWjTnDPLk,Unsplash License,https://unsplash.com/license,6720x4480,4000x2667,assets/stock/masters/creative-work/working-side-by-side--kwzWjTnDPLk.jpg,assets/stock/web/creative-work/working-side-by-side--kwzWjTnDPLk-960.webp,assets/stock/web/creative-work/working-side-by-side--kwzWjTnDPLk-1920.webp,Organisations,The screen shows code. Reserve for an explicitly technology-related context.
acYStw5H-kc,An olive canopy,photograph,details,Andreas Haubold,https://unsplash.com/photos/an-olive-tree-with-lots-of-green-leaves-acYStw5H-kc,Unsplash License,https://unsplash.com/license,6000x4000,4000x2667,assets/stock/masters/details/an-olive-canopy--acYStw5H-kc.jpg,assets/stock/web/details/an-olive-canopy--acYStw5H-kc-960.webp,assets/stock/web/details/an-olive-canopy--acYStw5H-kc-1920.webp,About,Photographed in Italy. Useful as botanical atmosphere with accurate context.
5HROr67iRXI,Handmade paper,photograph,details,Annie Spratt,https://unsplash.com/photos/a-piece-of-paper-with-a-white-background-5HROr67iRXI,Unsplash License,https://unsplash.com/license,7064x4691,4000x2656,assets/stock/masters/details/handmade-paper--5HROr67iRXI.jpg,assets/stock/web/details/handmade-paper--5HROr67iRXI-960.webp,assets/stock/web/details/handmade-paper--5HROr67iRXI-1920.webp,Decorative background,A quiet material accent. Keep the paper edges visible.
zMcBf-n6qrs,Hands at the keyboard,photograph,details,Mimi Thian,https://unsplash.com/photos/person-using-gray-laptop-computer-zMcBf-n6qrs,Unsplash License,https://unsplash.com/license,5184x2916,4000x2250,assets/stock/masters/details/hands-at-the-keyboard--zMcBf-n6qrs.jpg,assets/stock/web/details/hands-at-the-keyboard--zMcBf-n6qrs-960.webp,assets/stock/web/details/hands-at-the-keyboard--zMcBf-n6qrs-1920.webp,Lessons; Organisations,A flexible close-up for a process section.
NHdIIaU3mDE,Olives in the light,photograph,details,Marc Snailum,https://unsplash.com/photos/olive-tree-branch-with-ripening-olives-against-a-blurred-background-NHdIIaU3mDE,Unsplash License,https://unsplash.com/license,5184x3456,4000x2667,assets/stock/masters/details/olives-in-the-light--NHdIIaU3mDE.jpg,assets/stock/web/details/olives-in-the-light--NHdIIaU3mDE-960.webp,assets/stock/web/details/olives-in-the-light--NHdIIaU3mDE-1920.webp,About,Photographed in Greece. Use as botanical symbolism with accurate context.
SYb4Db6789Q,Colour through glass,photograph,details,Girl with red hat,https://unsplash.com/photos/blue-green-and-red-ball-SYb4Db6789Q,Unsplash License,https://unsplash.com/license,5184x3456,4000x2667,assets/stock/masters/details/colour-through-glass--SYb4Db6789Q.jpg,assets/stock/web/details/colour-through-glass--SYb4Db6789Q-960.webp,assets/stock/web/details/colour-through-glass--SYb4Db6789Q-1920.webp,Decorative background,Abstract photography. Use sparingly for a creative accent.
PACWvLRNzj8,An open doorway,illustration,illustrations,Shubham Dhage,https://unsplash.com/photos/a-group-of-white-balls-sitting-next-to-a-white-arch-PACWvLRNzj8,Unsplash License,https://unsplash.com/license,3840x2160,3840x2160,assets/stock/masters/illustrations/an-open-doorway--PACWvLRNzj8.jpg,assets/stock/web/illustrations/an-open-doorway--PACWvLRNzj8-960.webp,assets/stock/web/illustrations/an-open-doorway--PACWvLRNzj8-1920.webp,Home; About,A calm conceptual illustration. Keep the complete arch visible.
n6aIqCWqADI,Translucent folds,illustration,illustrations,Milad Fakurian,https://unsplash.com/photos/sheets-of-translucent-material-and-orange-paper-n6aIqCWqADI,Unsplash License,https://unsplash.com/license,7680x4320,4000x2250,assets/stock/masters/illustrations/translucent-folds--n6aIqCWqADI.jpg,assets/stock/web/illustrations/translucent-folds--n6aIqCWqADI-960.webp,assets/stock/web/illustrations/translucent-folds--n6aIqCWqADI-1920.webp,Decorative background,A warm abstract render for an expansive accent area.
qCYKtOov--s,Warm light on dark teal,illustration,illustrations,Milad Fakurian,https://unsplash.com/photos/orange-and-teal-abstract-wallpaper-qCYKtOov--s,Unsplash License,https://unsplash.com/license,6000x4558,4000x3039,assets/stock/masters/illustrations/warm-light-on-dark-teal--qCYKtOov--s.jpg,assets/stock/web/illustrations/warm-light-on-dark-teal--qCYKtOov--s-960.webp,assets/stock/web/illustrations/warm-light-on-dark-teal--qCYKtOov--s-1920.webp,About; Decorative background,Pairs with Najma's deep green and warm accents. Strong dark-section option.
PjG_SXDkpwQ,A continuous thread,illustration,illustrations,Milad Fakurian,https://unsplash.com/photos/pink-green-and-blue-spiral-illustration-PjG_SXDkpwQ,Unsplash License,https://unsplash.com/license,4096x3112,4000x3039,assets/stock/masters/illustrations/a-continuous-thread--PjG_SXDkpwQ.jpg,assets/stock/web/illustrations/a-continuous-thread--PjG_SXDkpwQ-960.webp,assets/stock/web/illustrations/a-continuous-thread--PjG_SXDkpwQ-1920.webp,Decorative background,A flowing abstract image for a generous editorial panel.
G0qTNcwmCaQ,A small beginning,illustration,illustrations,Shubham Dhage,https://unsplash.com/photos/a-small-green-tree-with-two-leaves-on-top-of-it-G0qTNcwmCaQ,Unsplash License,https://unsplash.com/license,3840x2160,3840x2160,assets/stock/masters/illustrations/a-small-beginning--G0qTNcwmCaQ.jpg,assets/stock/web/illustrations/a-small-beginning--G0qTNcwmCaQ-960.webp,assets/stock/web/illustrations/a-small-beginning--G0qTNcwmCaQ-1920.webp,About,A conceptual growth illustration. Keep the whole tree visible.
XJaPfJz7xW8,Folded possibilities,illustration,illustrations,Shubham Dhage,https://unsplash.com/photos/a-bunch-of-different-colored-papers-on-a-black-background-XJaPfJz7xW8,Unsplash License,https://unsplash.com/license,3840x2160,3840x2160,assets/stock/masters/illustrations/folded-possibilities--XJaPfJz7xW8.jpg,assets/stock/web/illustrations/folded-possibilities--XJaPfJz7xW8-960.webp,assets/stock/web/illustrations/folded-possibilities--XJaPfJz7xW8-1920.webp,About; Decorative background,Keep the complete sculpture. A standalone editorial accent.
UYgrVfIhBec,Rhythm in motion,illustration,illustrations,Milad Fakurian,https://unsplash.com/photos/pink-green-and-blue-abstract-painting-UYgrVfIhBec,Unsplash License,https://unsplash.com/license,3360x2100,3360x2100,assets/stock/masters/illustrations/rhythm-in-motion--UYgrVfIhBec.jpg,assets/stock/web/illustrations/rhythm-in-motion--UYgrVfIhBec-960.webp,assets/stock/web/illustrations/rhythm-in-motion--UYgrVfIhBec-1920.webp,Decorative background,An optional bolder colour direction. Keep behind empty space or beside copy.
iFu2HILEng8,Soft colour field,illustration,illustrations,Milad Fakurian,https://unsplash.com/photos/purple-and-green-light-gradient-iFu2HILEng8,Unsplash License,https://unsplash.com/license,4000x3000,4000x3000,assets/stock/masters/illustrations/soft-colour-field--iFu2HILEng8.jpg,assets/stock/web/illustrations/soft-colour-field--iFu2HILEng8-960.webp,assets/stock/web/illustrations/soft-colour-field--iFu2HILEng8-1920.webp,Decorative background,Use as a restrained accent layer. Validate text contrast separately.
8UP_QbfMfPM,An unfolding form,illustration,illustrations,Shubham Dhage,https://unsplash.com/photos/a-computer-generated-image-of-an-abstract-flower-8UP_QbfMfPM,Unsplash License,https://unsplash.com/license,3840x2160,3840x2160,assets/stock/masters/illustrations/an-unfolding-form--8UP_QbfMfPM.jpg,assets/stock/web/illustrations/an-unfolding-form--8UP_QbfMfPM-960.webp,assets/stock/web/illustrations/an-unfolding-form--8UP_QbfMfPM-1920.webp,Decorative background,A dramatic alternate direction for a single accent section.
LP1_iwrHTrE,Building a rhythm,illustration,illustrations,Shubham Dhage,https://unsplash.com/photos/a-black-and-white-photo-of-a-very-tall-cone-LP1_iwrHTrE,Unsplash License,https://unsplash.com/license,7680x4320,4000x2250,assets/stock/masters/illustrations/building-a-rhythm--LP1_iwrHTrE.jpg,assets/stock/web/illustrations/building-a-rhythm--LP1_iwrHTrE-960.webp,assets/stock/web/illustrations/building-a-rhythm--LP1_iwrHTrE-1920.webp,Decorative background,A monochrome alternative for a single dark panel.
dKBTFoarrOU,A conversation on the sofa,photograph,mentoring,Christina @ wocintechchat.com M,https://unsplash.com/photos/two-woman-siting-on-sofa-inside-room-dKBTFoarrOU,Unsplash License,https://unsplash.com/license,6016x4016,4000x2670,assets/stock/masters/mentoring/a-conversation-on-the-sofa--dKBTFoarrOU.jpg,assets/stock/web/mentoring/a-conversation-on-the-sofa--dKBTFoarrOU-960.webp,assets/stock/web/mentoring/a-conversation-on-the-sofa--dKBTFoarrOU-1920.webp,Lessons; About,Retain both people and the laptop. A generous landscape panel suits this scene.
LQ1t-8Ms5PY,Learning through conversation,photograph,mentoring,Christina @ wocintechchat.com M,https://unsplash.com/photos/two-women-sitting-beside-table-and-talking-LQ1t-8Ms5PY,Unsplash License,https://unsplash.com/license,5760x3840,4000x2667,assets/stock/masters/mentoring/learning-through-conversation--LQ1t-8Ms5PY.jpg,assets/stock/web/mentoring/learning-through-conversation--LQ1t-8Ms5PY-960.webp,assets/stock/web/mentoring/learning-through-conversation--LQ1t-8Ms5PY-1920.webp,Lessons; About,Retain both faces. The window supplies natural breathing space.
4PU-OC8sW98,Planning the next step,photograph,mentoring,Christina @ wocintechchat.com M,https://unsplash.com/photos/two-women-taking-to-each-other-while-holding-pens-4PU-OC8sW98,Unsplash License,https://unsplash.com/license,5855x3909,4000x2671,assets/stock/masters/mentoring/planning-the-next-step--4PU-OC8sW98.jpg,assets/stock/web/mentoring/planning-the-next-step--4PU-OC8sW98-960.webp,assets/stock/web/mentoring/planning-the-next-step--4PU-OC8sW98-1920.webp,Lessons; Organisations,Use the open tabletop for a gentle crop. Keep both faces unobscured.
PviMD8jDeYE,Thinking at the whiteboard,photograph,mentoring,Christina @ wocintechchat.com M,https://unsplash.com/photos/man-and-woman-standing-in-front-of-whiteboard-PviMD8jDeYE,Unsplash License,https://unsplash.com/license,6016x4016,4000x2670,assets/stock/masters/mentoring/thinking-at-the-whiteboard--PviMD8jDeYE.jpg,assets/stock/web/mentoring/thinking-at-the-whiteboard--PviMD8jDeYE-960.webp,assets/stock/web/mentoring/thinking-at-the-whiteboard--PviMD8jDeYE-1920.webp,Organisations,Retain both people and some of the board. Text belongs in the page layout.
j0dCClyasFk,A lively online conversation,photograph,online-learning,Julio Lopez,https://unsplash.com/photos/woman-wearing-headphones-talks-at-laptop-by-window-j0dCClyasFk,Unsplash License,https://unsplash.com/license,6458x4305,4000x2666,assets/stock/masters/online-learning/a-lively-online-conversation--j0dCClyasFk.jpg,assets/stock/web/online-learning/a-lively-online-conversation--j0dCClyasFk-960.webp,assets/stock/web/online-learning/a-lively-online-conversation--j0dCClyasFk-1920.webp,Home; Lessons,Keep the gestures and laptop visible. Strong landscape hero option.
s2uH89aClpE,A welcoming video call,photograph,online-learning,Vitaly Gariev,https://unsplash.com/photos/woman-waving-hello-during-a-video-call-at-desk-s2uH89aClpE,Unsplash License,https://unsplash.com/license,3840x2160,3840x2160,assets/stock/masters/online-learning/a-welcoming-video-call--s2uH89aClpE.jpg,assets/stock/web/online-learning/a-welcoming-video-call--s2uH89aClpE-960.webp,assets/stock/web/online-learning/a-welcoming-video-call--s2uH89aClpE-1920.webp,Home; Lessons; Solidarity Cafe,Retain the hand and notebook. Suitable for a broad hero panel.
CPz2KWjCwDQ,Comfortable with learning,photograph,online-learning,Adeniji Abdullahi A,https://unsplash.com/photos/a-person-wearing-a-blue-head-scarf-and-sitting-on-a-couch-CPz2KWjCwDQ,Unsplash License,https://unsplash.com/license,4463x3264,4000x2925,assets/stock/masters/online-learning/comfortable-with-learning--CPz2KWjCwDQ.jpg,assets/stock/web/online-learning/comfortable-with-learning--CPz2KWjCwDQ-960.webp,assets/stock/web/online-learning/comfortable-with-learning--CPz2KWjCwDQ-1920.webp,Home; Lessons,A warm independent-learning image. Preserve the expression and laptop.
F4AS3X2swic,Hello from home,photograph,online-learning,Vitaly Gariev,https://unsplash.com/photos/man-waving-hello-on-a-video-call-F4AS3X2swic,Unsplash License,https://unsplash.com/license,3840x2160,3840x2160,assets/stock/masters/online-learning/hello-from-home--F4AS3X2swic.jpg,assets/stock/web/online-learning/hello-from-home--F4AS3X2swic-960.webp,assets/stock/web/online-learning/hello-from-home--F4AS3X2swic-1920.webp,Home; Solidarity Cafe,Preserve the raised hand. The bright wall can balance nearby copy.
bwcO8pN7MS8,Notes beside the laptop,photograph,online-learning,Julio Lopez,https://unsplash.com/photos/woman-wearing-headphones-studies-at-a-desk-bwcO8pN7MS8,Unsplash License,https://unsplash.com/license,6492x4328,4000x2667,assets/stock/masters/online-learning/notes-beside-the-laptop--bwcO8pN7MS8.jpg,assets/stock/web/online-learning/notes-beside-the-laptop--bwcO8pN7MS8-960.webp,assets/stock/web/online-learning/notes-beside-the-laptop--bwcO8pN7MS8-1920.webp,Lessons,Keep the notebook in frame. Useful for a learning-process section.
12OZwblVQUg,Study in your own space,photograph,online-learning,Windows,https://unsplash.com/photos/woman-in-black-hijab-sitting-on-bed-using-laptop-12OZwblVQUg,Unsplash License,https://unsplash.com/license,6000x4002,4000x2668,assets/stock/masters/online-learning/study-in-your-own-space--12OZwblVQUg.jpg,assets/stock/web/online-learning/study-in-your-own-space--12OZwblVQUg-960.webp,assets/stock/web/online-learning/study-in-your-own-space--12OZwblVQUg-1920.webp,Home; Lessons,A wide home-study composition. Preserve the books and natural setting.
D8NwgmdkgOY,A conversation across screens,photograph,online-learning,Vitaly Gariev,https://unsplash.com/photos/man-video-calling-two-smiling-women-on-laptop-D8NwgmdkgOY,Unsplash License,https://unsplash.com/license,3840x2160,3840x2160,assets/stock/masters/online-learning/a-conversation-across-screens--D8NwgmdkgOY.jpg,assets/stock/web/online-learning/a-conversation-across-screens--D8NwgmdkgOY-960.webp,assets/stock/web/online-learning/a-conversation-across-screens--D8NwgmdkgOY-1920.webp,Solidarity Cafe; Lessons,Keep the screen visible. Use as a contextual remote-conversation image.
pLybV75vkP4,A moment of concentration,photograph,online-learning,Hasnain Ayaz,https://unsplash.com/photos/person-is-working-on-a-laptop-computer-pLybV75vkP4,Unsplash License,https://unsplash.com/license,4000x6000,2667x4000,assets/stock/masters/online-learning/a-moment-of-concentration--pLybV75vkP4.jpg,assets/stock/web/online-learning/a-moment-of-concentration--pLybV75vkP4-960.webp,assets/stock/web/online-learning/a-moment-of-concentration--pLybV75vkP4-1920.webp,Lessons,Portrait composition. Use in a tall panel rather than a wide hero crop.
C3V88BOoRoM,A quiet place to study,photograph,online-learning,Bench Accounting,https://unsplash.com/photos/C3V88BOoRoM,Unsplash License,https://unsplash.com/license,3500x2338,3500x2338,assets/stock/masters/online-learning/a-quiet-place-to-study--C3V88BOoRoM.jpg,assets/stock/web/online-learning/a-quiet-place-to-study--C3V88BOoRoM-960.webp,assets/stock/web/online-learning/a-quiet-place-to-study--C3V88BOoRoM-1920.webp,Lessons,Retain the laptop and warm window light. Works as a landscape detail.
659kXp4SQ4g,Connection at every age,photograph,online-learning,Vitaly Gariev,https://unsplash.com/photos/elderly-couple-video-calling-with-family-at-home-659kXp4SQ4g,Unsplash License,https://unsplash.com/license,3840x2160,3840x2160,assets/stock/masters/online-learning/connection-at-every-age--659kXp4SQ4g.jpg,assets/stock/web/online-learning/connection-at-every-age--659kXp4SQ4g-960.webp,assets/stock/web/online-learning/connection-at-every-age--659kXp4SQ4g-1920.webp,Solidarity Cafe; About,The source depicts a family call. Use as general remote connection imagery.
NLuDzsdyQ6M,Focus by the window,photograph,online-learning,Julio Lopez,https://unsplash.com/photos/woman-wearing-headphones-works-on-a-laptop-by-window-NLuDzsdyQ6M,Unsplash License,https://unsplash.com/license,6558x4372,4000x2667,assets/stock/masters/online-learning/focus-by-the-window--NLuDzsdyQ6M.jpg,assets/stock/web/online-learning/focus-by-the-window--NLuDzsdyQ6M-960.webp,assets/stock/web/online-learning/focus-by-the-window--NLuDzsdyQ6M-1920.webp,Home; Lessons,A side portrait with space around the device. Test a 4:3 crop.
GpbEuMKFQew,Time for a chapter,photograph,reading,Priscilla Du Preez 🇨🇦,https://unsplash.com/photos/a-woman-sitting-at-a-table-reading-a-book-GpbEuMKFQew,Unsplash License,https://unsplash.com/license,5472x3648,4000x2667,assets/stock/masters/reading/time-for-a-chapter--GpbEuMKFQew.jpg,assets/stock/web/reading/time-for-a-chapter--GpbEuMKFQew-960.webp,assets/stock/web/reading/time-for-a-chapter--GpbEuMKFQew-1920.webp,Lessons,Warm natural texture. Keep the hands and book in frame.
hANJmBwxKn0,A lifelong reader,photograph,reading,Age Cymru,https://unsplash.com/photos/a-man-reading-a-book-in-a-library-hANJmBwxKn0,Unsplash License,https://unsplash.com/license,7591x5061,4000x2667,assets/stock/masters/reading/a-lifelong-reader--hANJmBwxKn0.jpg,assets/stock/web/reading/a-lifelong-reader--hANJmBwxKn0-960.webp,assets/stock/web/reading/a-lifelong-reader--hANJmBwxKn0-1920.webp,Lessons; About,A close view of reading. Avoid a crop that removes the book.
-8XKPC-lLHU,Reading by the window,photograph,reading,Priscilla Du Preez 🇨🇦,https://unsplash.com/photos/a-person-reading-a-book-in-front-of-a-window--8XKPC-lLHU,Unsplash License,https://unsplash.com/license,3648x5472,2667x4000,assets/stock/masters/reading/reading-by-the-window---8XKPC-lLHU.jpg,assets/stock/web/reading/reading-by-the-window---8XKPC-lLHU-960.webp,assets/stock/web/reading/reading-by-the-window---8XKPC-lLHU-1920.webp,Lessons,Portrait detail. Suitable for a tall editorial panel.
